<?xml version="1.0" encoding="UTF-8"?>
<!DOCTYPE mapper PUBLIC "-//mybatis.org//DTD Mapper 3.0//EN" "http://mybatis.org/dtd/mybatis-3-mapper.dtd">
<mapper namespace="com.ssc.peg.qtm.loganalysis.mapper.AnalysisMapper">
	<resultMap type="com.ssc.peg.qtm.loganalysis.db.bean.Analysis" id="analysisResultMap">
		<id property="analysisId" column="ANALY_ID"/>
		<id property="analysisTime" column="analy_time"/>
		<id property="analysisName" column="analy_name"/>
		<id property="analysisUUID" column="analy_uuid"/>
	</resultMap>
	<insert id="addAnalysis" useGeneratedKeys="true" keyProperty="analysisId" parameterType="analysis">
	<![CDATA[insert into analysis(analy_time,analy_uuid,analy_name) values (now(),#{analysisUUID},#{analysisName})
		]]>
	</insert>
	
	<select id="getAnalysisById" parameterType="integer"  resultType="analysis" resultMap="analysisResultMap">
		<![CDATA[
			select * from analysis where analy_id = #{id};
		]]>
	</select>
	
	<select id="getAnalysisByUUID" parameterType="String"  resultType="analysis" resultMap="analysisResultMap">
		<![CDATA[
			select * from analysis where analy_uuid = #{analysisUUID};
		]]>
	</select>
	
	<select id="getAnalysis"   resultType="List" resultMap="analysisResultMap">
		<![CDATA[
			select * from analysis order by analy_time desc;
		]]>
	</select>
	
	<delete id="deleteAnalysis"   parameterType="integer" >
		<![CDATA[
		delete from analysis where analy_id = #{analysisId};
		]]>
	</delete>
</mapper> 


