<?xml version="1.0" encoding="UTF-8"?>
<!DOCTYPE mapper PUBLIC "-//mybatis.org//DTD Mapper 3.0//EN" "http://mybatis.org/dtd/mybatis-3-mapper.dtd">
<mapper namespace="com.ssc.peg.qtm.loganalysis.mapper.FunctionStatisticsTreeMapper">
	<resultMap type="com.ssc.peg.qtm.loganalysis.db.bean.FunctionStatisticsTree" id="funcStatisTreeResultMap">
		<id property="statisticsId" column="STAT_ID"/>
		<id property="maxTime" column="max_time"/>
		<id property="minTime" column="min_time"/>
		<id property="avgTime" column="avg_time"/>
		<id property="count" column="FUNC_CNT"/>
		<id property="functionId" column="FUNC_ID"/>
		<id property="ratio" column="ratio"/>
		<id property="analysisId" column="ANALY_ID"/>
		<id property="treeUUID" column="tree_uuid"/>
	</resultMap>
	<insert id="addFunctionStatistics" useGeneratedKeys="true" keyProperty="statisticsId" parameterType="functionStatisticsTree">
	<![CDATA[insert into FUNC_STAT_IN_TREE(tree_uuid,max_time,min_time,avg_time,FUNC_CNT,FUNC_ID,ratio,ANALY_ID) 
	values (#{treeUUID},#{maxTime},#{minTime},#{avgTime},#{count},#{functionId},#{ratio},#{analysisId})
		]]>
	</insert>
	
	<select id="getFunctionStaById" parameterType="integer"  resultType="functionStatisticsTree" resultMap="funcStatisTreeResultMap">
		<![CDATA[
			select * from FUNC_STAT_IN_TREE where STAT_ID = #{id};
		]]>
	</select>
	
	<select id="getFunctionStaByFunctionId" parameterType="integer"  resultType="functionStatisticsTree" resultMap="funcStatisTreeResultMap">
		<![CDATA[
			select * from FUNC_STAT_IN_TREE where FUNC_ID = #{functionId};
		]]>
	</select>
	
	<select id="getFunctionStaByTreeUUID" parameterType="String"  resultType="functionStatisticsTree" resultMap="funcStatisTreeResultMap">
		<![CDATA[
			select * from FUNC_STAT_IN_TREE where tree_uuid = #{treeUUID};
		]]>
	</select>
	
	<select id="getFunctionStaByAnalysisId" parameterType="integer"  resultType="functionStatisticsTree" resultMap="funcStatisTreeResultMap">
		<![CDATA[
			select * from FUNC_STAT_IN_TREE where ANALY_ID = #{analysisId};
		]]>
	</select>
	
	<insert id="addFunctionStatisList" useGeneratedKeys="true" parameterType="list">
	
	insert into FUNC_STAT_IN_TREE(tree_uuid,max_time,min_time,avg_time,FUNC_CNT,FUNC_ID,ratio,ANALY_ID) 
	values
	 <foreach collection="list" item="item" index="index"  separator=","  > 
	 (#{item.treeUUID},#{item.maxTime},#{item.minTime},#{item.avgTime},#{item.count},#{item.functionId},#{item.ratio},#{item.analysisId})
   	</foreach> 
	
	</insert>
	
	<insert id="addFunctionStatisListStr" useGeneratedKeys="true" parameterType="String">
		<![CDATA[
		insert into FUNC_STAT_IN_TREE(tree_uuid,max_time,min_time,avg_time,FUNC_CNT,FUNC_ID,ratio,ANALY_ID) 
		values
		#{str}
	]]>
	</insert>
	
	<select id="getFunctionStaByFunctionAndTree"  resultType="functionStatisticsTree" resultMap="funcStatisTreeResultMap">
		<![CDATA[
			select * from FUNC_STAT_IN_TREE where FUNC_ID = #{functionId} and tree_uuid = #{treeUUID};
		]]>
	</select>
	
</mapper> 


