<?xml version="1.0" encoding="UTF-8"?>
<!DOCTYPE mapper PUBLIC "-//mybatis.org//DTD Mapper 3.0//EN" "http://mybatis.org/dtd/mybatis-3-mapper.dtd">
<mapper namespace="com.ssc.peg.qtm.loganalysis.mapper.FuncTimeTopNMapper">
	<resultMap type="com.ssc.peg.qtm.loganalysis.db.bean.FuncTimeTopN" id="funcTimeTopNResultMap">
		<id property="id" column="id"/>
		<id property="functionId" column="FUNC_ID"/>
		<id property="serviceId" column="serv_id"/>
		<id property="treeUUID" column="tree_uuid"/>
		<id property="analysisId" column="analy_id"/>
		<id property="executionTime" column="exec_time"/>
	</resultMap>
	<insert id="addFuncTimeTopN" useGeneratedKeys="true" keyProperty="id" parameterType="funcTimeTopN">
	<![CDATA[insert into FUNC_RESP_TIME_TOPN(FUNC_ID,serv_id,tree_uuid,analy_id) values (#{functionId},#{serviceId},#{treeUUID},#{analysisId})
		]]>
	</insert>
	
	<insert id="addFuncTimeTopNList" useGeneratedKeys="true"  parameterType="list">
		insert into FUNC_RESP_TIME_TOPN(FUNC_ID,serv_id,tree_uuid,analy_id,exec_time) 
		values 
		<foreach collection="list" item="item" index="index"  separator=","  > 
		(#{item.functionId},#{item.serviceId},#{item.treeUUID},#{item.analysisId},#{item.executionTime})
		</foreach>
	</insert>
	
	<select id="getTopNByFunctionServiceId"   resultType="funcTimeTopN" resultMap="funcTimeTopNResultMap">
		<![CDATA[
			select * from FUNC_RESP_TIME_TOPN where FUNC_ID=#{functionId} and analy_id = #{analysisId} and serv_id = #{serviceId} order by exec_time desc;
		]]>
	</select>
	
</mapper> 


