<?xml version="1.0" encoding="UTF-8"?>
<!DOCTYPE mapper PUBLIC "-//mybatis.org//DTD Mapper 3.0//EN" "http://mybatis.org/dtd/mybatis-3-mapper.dtd">
<mapper namespace="com.ssc.peg.qtm.loganalysis.mapper.FunctionStatisticsMapper">
	<resultMap type="com.ssc.peg.qtm.loganalysis.db.bean.FunctionStatistics" id="funcStatisResultMap">
		<id property="statisticsId" column="STAT_ID"/>
		<id property="score" column="score"/>
		<id property="maxTime" column="max_time"/>
		<id property="minTime" column="min_time"/>
		<id property="avgTime" column="avg_time"/>
		<id property="count" column="FUNC_CNT"/>
		<id property="functionId" column="FUNC_ID"/>
		<id property="ratio" column="ratio"/>
		<id property="nintyTime" column="NINTY_TIME"/>
		<id property="analysisId" column="analy_id"/>
	</resultMap>
	<insert id="addFunctionStatistics" useGeneratedKeys="true" keyProperty="statisticsId" parameterType="functionStatistics">
	<![CDATA[insert into FUNC_STAT(score,max_time,min_time,avg_time,FUNC_CNT,FUNC_ID,ratio,analy_id,ninty_time) 
	values (#{score},#{maxTime},#{minTime},#{avgTime},#{count},#{functionId},#{ratio},#{analysisId},#{nintyTime})
		]]>
	</insert>
	
	<select id="getFunctionStaById" parameterType="integer"  resultType="functionStatistics" resultMap="funcStatisResultMap">
		<![CDATA[
			select * from FUNC_STAT where STAT_ID = #{id};
		]]>
	</select>
	
	<select id="getFunctionStaByFunctionId" parameterType="integer"  resultType="functionStatistics" resultMap="funcStatisResultMap">
		<![CDATA[
			select * from FUNC_STAT where FUNC_ID = #{functionId};
		]]>
	</select>
	
	<insert id="addFunctionStatisticsList" useGeneratedKeys="true"  parameterType="list">
	 	insert into FUNC_STAT(score,max_time,min_time,avg_time,FUNC_CNT,FUNC_ID,ratio,analy_id,ninty_time) 
		values 
		<foreach collection="list" item="item" index="index"  separator=","  > 
		(#{item.score},#{item.maxTime},#{item.minTime},#{item.avgTime},#{item.count},#{item.functionId},#{item.ratio},#{item.analysisId},#{item.nintyTime})
		</foreach>
	</insert>
	
	
	<select id="getFunctionStaByAnalysisId" parameterType="integer"  resultType="list" resultMap="funcStatisResultMap">
		<![CDATA[
			select * from FUNC_STAT where analy_id = #{analysisId} order by score desc;
		]]>
	</select>
	
</mapper> 


