<?xml version="1.0" encoding="UTF-8"?>
<!DOCTYPE mapper PUBLIC "-//mybatis.org//DTD Mapper 3.0//EN" "http://mybatis.org/dtd/mybatis-3-mapper.dtd">
<mapper namespace="com.ssc.peg.qtm.loganalysis.mapper.FuncRatioTopNMapper">
	<resultMap type="com.ssc.peg.qtm.loganalysis.db.bean.FuncRatioTopN" id="funcRatioTopNResultMap">
		<id property="id" column="id"/>
		<id property="functionId" column="func_id"/>
		<id property="serviceId" column="serv_id"/>
		<id property="treeUUID" column="tree_uuid"/>
		<id property="analysisId" column="analy_id"/>
		<id property="ratio" column="ratio"/>
	</resultMap>
	<insert id="addFuncRatioTopN" useGeneratedKeys="true" keyProperty="id" parameterType="funcRatioTopN">
	<![CDATA[insert into FUNC_RATIO_TOPN(func_id,serv_id,tree_uuid,analy_id,ratio) values (#{functionId},#{serviceId},#{treeUUID},#{analysisId},#{ratio})
		]]>
	</insert>
	
	<insert id="addFuncRatioTopNList" useGeneratedKeys="true"  parameterType="list">
	insert into FUNC_RATIO_TOPN(func_id,serv_id,tree_uuid,analy_id,ratio)
	 values 
	 <foreach collection="list" item="item" index="index"  separator=","  > 
	 (#{item.functionId},#{item.serviceId},#{item.treeUUID},#{item.analysisId},#{item.ratio})
		</foreach>
		
	</insert>
	
	<select id="getTopNByFunctionServiceId"   resultType="funcRatioTopN" resultMap="funcRatioTopNResultMap">
		<![CDATA[
			select * from FUNC_RATIO_TOPN where analy_id = #{analysisId} and serv_id = #{serviceId} and func_id=#{functionId} order by ratio desc;
		]]>
	</select>
</mapper> 


