<?xml version="1.0" encoding="UTF-8"?>
<!DOCTYPE mapper PUBLIC "-//mybatis.org//DTD Mapper 3.0//EN" "http://mybatis.org/dtd/mybatis-3-mapper.dtd">
<mapper namespace="com.ssc.peg.qtm.loganalysis.mapper.FunctionMapper">
	<resultMap type="com.ssc.peg.qtm.loganalysis.db.bean.Function" id="functionResultMap">
		<id property="functionId" column="func_id"/>
		<id property="functionName" column="func_name"/>
		<id property="functionDescription" column="FUNC_DESC"/>
	</resultMap>
	<insert id="addFunction" useGeneratedKeys="true" keyProperty="functionId" parameterType="function">
	<![CDATA[insert into FUNC(func_name,FUNC_DESC) values (#{functionName},#{functionDescription})
		]]>
	</insert>
	
	<select id="getFunctionById" parameterType="integer"  resultType="function" resultMap="functionResultMap">
		<![CDATA[
			select * from FUNC where func_id = #{id};
		]]>
	</select>
	
	<select id="getFunctionByNameAndDescription" parameterType="function"  resultType="function" resultMap="functionResultMap">
		
			select * from FUNC where func_name = #{functionName} and FUNC_DESC = #{functionDescription};
		
	</select>
	
	
	<select id="getFunctionListByNameAndDescription" parameterType="List"  resultType="List" resultMap="functionResultMap">
			select * from FUNC where funC_name in
			<foreach collection="list" item="item" index="index"  open="(" separator="," close=")" >
			 #{item.functionName} 
			</foreach>
			and FUNC_DESC in
			<foreach collection="list" item="item" index="index"  open="(" separator="," close=")" >
			 #{item.functionDescription}
			 </foreach>
	</select>
	
	<insert id="addFunctionList" useGeneratedKeys="true"  parameterType="List">
		insert into FUNC(func_name,FUNC_DESC) 
		values 
		<foreach collection="list" item="item" index="index"  separator=","   > 
		(#{item.functionName},#{item.functionDescription})
		</foreach>
	</insert>
	
	<select id="getFunctionList"  resultType="list" resultMap="functionResultMap">
		<![CDATA[
			select * from FUNC;
		]]>
	</select>
</mapper> 


