<?xml version="1.0" encoding="UTF-8"?>
<!DOCTYPE mapper PUBLIC "-//mybatis.org//DTD Mapper 3.0//EN" "http://mybatis.org/dtd/mybatis-3-mapper.dtd">
<mapper namespace="com.ssc.peg.qtm.loganalysis.mapper.MergeNodeValueMapper">
	<resultMap type="com.ssc.peg.qtm.loganalysis.db.bean.MergeNodeValue" id="mergeNodeValueResultMap">
		<id property="valueId" column="value_id"/>
		<id property="functionId" column="function_id"/>
		<id property="nodeLevel" column="node_level"/>
		<id property="maxTime" column="max_time"/>
		<id property="avgTime" column="avg_time"/>
		<id property="minTime" column="min_time"/>
		<id property="count" column="function_count"/>
		<id property="ablPercentage" column="abl_percentage"/>
		<id property="relativePercentage" column="rel_percentage"/>
		<id property="nodeUUID" column="node_uuid"/>
	</resultMap>
	
	<insert id="addNodeStatistics" useGeneratedKeys="true" keyProperty="valueId" parameterType="mergeNodeValue">
	insert into MERGE_NODE_VALUE(function_id,node_level,max_time,avg_time,min_time,function_count,abl_percentage,rel_percentage,node_uuid) values (#{functionId},#{nodeLevel},#{maxTime},#{avgTime},#{minTime},#{count},#{ablPercentage},#{relativePercentage},#{nodeUUID})
	</insert>
	
	<select id="getNodeStatisticsByStatisticsId" parameterType="integer"  resultType="mergeNodeValue" resultMap="mergeNodeValueResultMap">
		<![CDATA[
			select * from MERGE_NODE_VALUE where value_id = #{valueId};
		]]>
	</select>
	
	<select id="getNodeStatisticsByNodeUUID" parameterType="String"  resultType="List" resultMap="mergeNodeValueResultMap">
		<![CDATA[
			select * from MERGE_NODE_VALUE where node_uuid = #{nodeUUID};
		]]>
	</select>
	
	<insert id="addNodeValueList" useGeneratedKeys="true"  parameterType="list">
		insert into MERGE_NODE_VALUE(function_id,node_level,max_time,avg_time,min_time,function_count,abl_percentage,rel_percentage,node_uuid) 
		values 
		<foreach collection="list" item="item" index="index"  separator="," > 
		(#{item.functionId},#{item.nodeLevel},#{item.maxTime},#{item.avgTime},#{item.minTime},#{item.count},#{item.ablPercentage},#{item.relativePercentage},#{item.nodeUUID})
   		 </foreach> 
	</insert>
</mapper>