<?xml version="1.0" encoding="UTF-8"?>
<!DOCTYPE mapper PUBLIC "-//mybatis.org//DTD Mapper 3.0//EN" "http://mybatis.org/dtd/mybatis-3-mapper.dtd">
<mapper namespace="com.ssc.peg.qtm.loganalysis.mapper.NodeMapper">
	<resultMap type="com.ssc.peg.qtm.loganalysis.db.bean.Node" id="nodeResultMap">
		<id property="nodeId" column="node_id"/>
		<id property="parentNodeUUID" column="parent_node_uuid"/>
		<id property="uuid" column="node_uuid"/>
	</resultMap>
	
	<insert id="addNode" useGeneratedKeys="true" keyProperty="nodeId" parameterType="node" >
	
		insert into node(parent_node_uuid,node_uuid) values (#{parentNodeUUID},#{uuid})
		
	</insert>
	
	<select id="getNodeByNodeId" parameterType="integer"  resultType="node" resultMap="nodeResultMap">
		<![CDATA[
			select * from node where node_id = #{nodeId};
		]]>
	</select>
	
	<select id="getNodeByParentUUID" parameterType="integer"  resultType="List" resultMap="nodeResultMap">
		<![CDATA[
			select * from node where parent_node_uuid = #{parentNodeUUID};
		]]>
	</select>
	
	<select id="getNodeByUUID" parameterType="String"  resultType="node" resultMap="nodeResultMap">
		<![CDATA[
			select * from node where node_uuid = #{uuid};
		]]>
	</select>
	
	<insert id="addNodeList" useGeneratedKeys="true"  parameterType="list" >
	
		insert into node(parent_node_uuid,node_uuid) 
		values 
		<foreach collection="list" item="item" index="index"  separator="," > 
		(#{item.parentNodeUUID},#{item.uuid})
		</foreach>
		
	</insert>
	
	<select id="getNodeListByUUID" parameterType="list"  resultType="list" resultMap="nodeResultMap">
		
			select * from node where node_uuid in 
			<foreach collection="list" item="item" index="index"   open="(" separator="," close=")"> 
			#{item.uuid}
			</foreach>
	</select>
	
</mapper>