<?xml version="1.0" encoding="UTF-8"?>
<!DOCTYPE mapper PUBLIC "-//mybatis.org//DTD Mapper 3.0//EN" "http://mybatis.org/dtd/mybatis-3-mapper.dtd">
<mapper namespace="com.ssc.peg.qtm.loganalysis.mapper.NodeValueMapper">
	<resultMap type="com.ssc.peg.qtm.loganalysis.db.bean.NodeValue" id="nodeValueResultMap">
		<id property="valueId" column="value_id"/>
		<id property="level" column="node_level"/>
		<id property="executionTime" column="execution_time"/>
		<id property="functionId" column="function_id"/>
		<id property="selfExcutionTime" column="self_execution_time"/>
		<id property="ablRatio" column="abl_ratio"/>
		<id property="relRatio" column="rel_ratio"/>
		<id property="nodeUUID" column="node_uuid"/>
	</resultMap>
	
	<insert id="addNodeValue" useGeneratedKeys="true" keyProperty="valueId" parameterType="nodeValue">
	insert into NODE_VALUE(node_level,execution_time,function_id,node_uuid,self_execution_time,abl_ratio,rel_ratio) 
	values (#{level},#{executionTime},#{functionId},#{nodeUUID},#{selfExcutionTime},#{ablRatio},#{relRatio})
	</insert>
	
	<select id="getNodeValueByValueId" parameterType="integer"  resultType="nodeValue" resultMap="nodeValueResultMap">
		<![CDATA[
			select * from NODE_VALUE where value_id = #{valueId};
		]]>
	</select>
	
	<select id="getNodeValueByNodeUUID" parameterType="String"  resultType="nodeValue" resultMap="nodeValueResultMap">
		<![CDATA[
			select * from NODE_VALUE where node_uuid = #{nodeUUID};
		]]>
	</select>
	
	<insert id="addNodeValueList" useGeneratedKeys="true"  parameterType="list">
	
		insert into NODE_VALUE(node_level,execution_time,function_id,node_uuid,self_execution_time,abl_ratio,rel_ratio) 
		values
		<foreach collection="list" item="value" index="index"  separator="," > 
		 (#{value.level},#{value.executionTime},#{value.functionId},#{value.nodeUUID},#{value.selfExcutionTime},#{value.ablRatio},#{value.relRatio})
		
   		 </foreach> 
		
		
	</insert>
</mapper>