<?xml version="1.0" encoding="UTF-8"?>
<!DOCTYPE mapper PUBLIC "-//mybatis.org//DTD Mapper 3.0//EN" "http://mybatis.org/dtd/mybatis-3-mapper.dtd">
<mapper namespace="com.ssc.peg.qtm.loganalysis.mapper.PointMapper">
	<resultMap type="com.ssc.peg.qtm.loganalysis.db.bean.Point" id="pointResultMap">
		<id property="pointId" column="point_id"/>
		<id property="pointTime" column="point_time"/>
		<id property="serviceId" column="SERV_ID"/>
		<id property="tps" column="tps"/>
		<id property="respTime" column="RESP_TIME"/>
		<id property="analysisId" column="ANALY_ID"/>
	</resultMap>
	<insert id="addTPSRespTime" useGeneratedKeys="true" keyProperty="pointId" parameterType="point">
	<![CDATA[insert into point(point_time,SERV_ID,tps,RESP_TIME,ANALY_ID) values (#{pointTime},#{serviceId},#{tps},#{respTime},#{analysisId})
		]]>
	</insert>
	
	<select id="getTPSRespTimePoint" parameterType="integer"  resultType="point" resultMap="pointResultMap">
		<![CDATA[
			select * from point where point_id = #{pointId};
		]]>
	</select>
	
	<select id="getTPSRespTimeByAnalysisId" parameterType="integer"  resultType="point" resultMap="pointResultMap">
		<![CDATA[
			select * from point where ANALY_ID = #{analysisId};
		]]>
	</select>
	
	<insert id="addPointList" useGeneratedKeys="true"  parameterType="list">
	
		insert into point(point_time,SERV_ID,tps,RESP_TIME,ANALY_ID) 
		values 
		
		<foreach collection="list" item="point" index="index"  separator=","  > 
        (#{point.pointTime},#{point.serviceId},#{point.tps},#{point.respTime},#{point.analysisId})
   		 </foreach> 
		
		
	</insert>
	
	<select id="getTPSRespTimeByAnalysisServiceId"  resultType="list" resultMap="pointResultMap">
		<![CDATA[
			select * from point where ANALY_ID = #{analysisId} and SERV_ID = #{serviceId};
		]]>
	</select>
	
</mapper> 


