<?xml version="1.0" encoding="UTF-8"?>
<!DOCTYPE mapper PUBLIC "-//mybatis.org//DTD Mapper 3.0//EN" "http://mybatis.org/dtd/mybatis-3-mapper.dtd">
<mapper namespace="com.ssc.peg.qtm.loganalysis.mapper.ServiceMapper">
	<resultMap type="com.ssc.peg.qtm.loganalysis.db.bean.Service" id="serviceResultMap">
		<id property="serviceId" column="serv_id"/>
		<id property="serviceName" column="serv_name"/>
	</resultMap>
	<insert id="addService" useGeneratedKeys="true" keyProperty="serviceId" parameterType="service">
	<![CDATA[insert into service(serv_name) values (#{serviceName})
		]]>
	</insert>
	
	<select id="getServiceById" parameterType="integer"  resultType="service" resultMap="serviceResultMap">
		<![CDATA[
			select * from service where serv_id = #{id};
		]]>
	</select>
	
	
	<select id="getServiceByName" parameterType="String"  resultType="service" resultMap="serviceResultMap">
		<![CDATA[
			select * from service where serv_name = #{name};
		]]>
	</select>
</mapper> 


