<?xml version="1.0" encoding="UTF-8"?>
<!DOCTYPE mapper PUBLIC "-//mybatis.org//DTD Mapper 3.0//EN" "http://mybatis.org/dtd/mybatis-3-mapper.dtd">
<mapper namespace="com.ssc.peg.qtm.loganalysis.mapper.ServiceTopNMapper">
	<resultMap type="com.ssc.peg.qtm.loganalysis.db.bean.ServiceTopN" id="serviceTopNResultMap">
		<id property="id" column="id"/>
		<id property="serviceId" column="SERV_ID"/>
		<id property="treeUUID" column="tree_uuid"/>
		<id property="analysisId" column="ANALY_ID"/>
	</resultMap>
	<insert id="addServiceTopN" useGeneratedKeys="true" keyProperty="id" parameterType="serviceTopN">
	<![CDATA[insert into SERV_TOPN(SERV_ID,tree_uuid,ANALY_ID) values (#{serviceId},#{treeUUID},#{analysisId})
		]]>
	</insert>
	
	
	<insert id="addServiceTopNList" useGeneratedKeys="true"  parameterType="list">
		
		insert into SERV_TOPN(SERV_ID,tree_uuid,ANALY_ID) 
		values 
		<foreach collection="list" item="item" index="index"  separator=","  >
		(#{item.serviceId},#{item.treeUUID},#{item.analysisId})
		</foreach>
	</insert>
	
	<select id="getServiceTopNByAnalysisId" parameterType="int"  resultType="List" resultMap="serviceTopNResultMap">
		<![CDATA[
			select * from SERV_TOPN where ANALY_ID = #{analysisId};
		]]>
	</select>
	
	
	<select id="getTopNByAnalyIdAndServiceId"  resultType="List" resultMap="serviceTopNResultMap">
		<![CDATA[
			select * from SERV_TOPN where ANALY_ID = #{analysisId} and SERV_ID = #{serviceId} ;
		]]>
	</select>
	
</mapper> 


