<?xml version="1.0" encoding="UTF-8"?>
<!DOCTYPE mapper PUBLIC "-//mybatis.org//DTD Mapper 3.0//EN" "http://mybatis.org/dtd/mybatis-3-mapper.dtd">
<mapper namespace="com.ssc.peg.qtm.loganalysis.mapper.ServiceFunctionMapper">
	<resultMap type="com.ssc.peg.qtm.loganalysis.db.bean.ServiceFunction" id="serviceFunctionResultMap">
		<id property="relationId" column="STAT_ID"/>
		<id property="functionId" column="FUNC_ID"/>
		<id property="serviceId" column="SERV_ID"/>
		<id property="analysisId" column="ANALY_ID"/>
		<id property="ratio" column="ratio"/>
		<id property="avgTime" column="avg_time"/>
		<id property="count" column="CNT_IN_SERV"/>
		<id property="selfRatio" column="SELF_RATIO_BY_ROOT"/>
		<id property="maxTime" column="max_time"/>
		<id property="minTime" column="min_time"/>
		<id property="selfAvgTime" column="self_avg_time"/>
	</resultMap>
	<insert id="addServiceFunction" useGeneratedKeys="true" keyProperty="relationId" parameterType="serviceFunction">
	<![CDATA[insert into FUNC_STAT_IN_SERV(FUNC_ID,SERV_ID,ANALY_ID,ratio,avg_time,CNT_IN_SERV,SELF_RATIO_BY_ROOT,max_time,min_time,self_avg_time) 
	values (#{functionId},#{serviceId},#{analysisId},#{ratio},#{avgTime},#{count},#{selfRatio},#{maxTime},#{minTime},#{selfAvgTime})
		]]>
	</insert>
	
	<select id="getServiceFuncById" parameterType="integer"  resultType="serviceFunction" resultMap="serviceFunctionResultMap">
		<![CDATA[
			select * from FUNC_STAT_IN_SERV where STAT_ID = #{id};
		]]>
	</select>
	
	<select id="getServiceFuncByFunction" parameterType="int"  resultType="List" resultMap="serviceFunctionResultMap">
		<![CDATA[
			select * from FUNC_STAT_IN_SERV where FUNC_ID = #{functionId};
		]]>
	</select>
	
	<select id="getServiceFuncByService" parameterType="int"  resultType="List" resultMap="serviceFunctionResultMap">
		<![CDATA[
			select * from FUNC_STAT_IN_SERV where SERV_ID = #{serviceId};
		]]>
	</select>
	
	<select id="getServiceFuncByFuncAndService" parameterType="int"  resultType="serviceFunction" resultMap="serviceFunctionResultMap">
		<![CDATA[
			select * from FUNC_STAT_IN_SERV where ANALY_ID = #{analysisId} and SERV_ID = #{serviceId} and FUNC_ID = #{functionId} limit 1;
		]]>
	</select>
	
	<select id="getServiceFuncByFunctionAnalysisId"  resultType="List" resultMap="serviceFunctionResultMap">
		<![CDATA[
			select * from FUNC_STAT_IN_SERV where ANALY_ID = #{analysisId} and FUNC_ID = #{functionId} ;
		]]>
	</select>
	
	<select id="gettopNfunctioninservice"  resultType="List" resultMap="serviceFunctionResultMap">
		<![CDATA[
			select * from FUNC_STAT_IN_SERV where SERV_ID = #{serviceId} and ANALY_ID = #{analysisId} order by SELF_RATIO_BY_ROOT desc limit #{N};
		]]>
	</select>
	
	<select id="getFunctionStatisticBiggerThan"  resultType="List" resultMap="serviceFunctionResultMap">
		<![CDATA[
			select FUNC_ID,SELF_RATIO_BY_ROOT,ANALY_ID from FUNC_STAT_IN_SERV where SERV_ID = #{serviceId} and ANALY_ID = #{analysisId} and SELF_RATIO_BY_ROOT >= #{ratio} order by SELF_RATIO_BY_ROOT desc  ;
		]]>
	</select>
	
	<insert id="addServiceFunctionList" useGeneratedKeys="true"  parameterType="list">
	 	insert into FUNC_STAT_IN_SERV(FUNC_ID,SERV_ID,ANALY_ID,ratio,avg_time,CNT_IN_SERV,SELF_RATIO_BY_ROOT,max_time,min_time,self_avg_time) 
		values 
		<foreach collection="list" item="item" index="index"  separator=","  > 
		(#{item.functionId},#{item.serviceId},#{item.analysisId},#{item.ratio},#{item.avgTime},#{item.count},#{item.selfRatio},#{item.maxTime},#{item.minTime},#{item.selfAvgTime})
		</foreach>
	</insert>
</mapper> 


