<?xml version="1.0" encoding="UTF-8"?>
<!DOCTYPE mapper PUBLIC "-//mybatis.org//DTD Mapper 3.0//EN" "http://mybatis.org/dtd/mybatis-3-mapper.dtd">
<mapper namespace="com.ssc.peg.qtm.loganalysis.mapper.ServiceStatisticsMapper">
	<resultMap type="com.ssc.peg.qtm.loganalysis.db.bean.ServiceStatistics" id="serviceStatisResultMap">
		<id property="statisticsId" column="STAT_ID"/>
		<id property="maxTime" column="max_time"/>
		<id property="minTime" column="avg_time"/>
		<id property="avgTime" column="min_time"/>
		<id property="nintyTime" column="ninty_time"/>
		<id property="avgTps" column="avg_tps"/>
		<id property="count" column="EXEC_CNT"/>
		<id property="analysisId" column="ANALY_ID"/>
		<id property="serviceId" column="SERV_ID"/>
	</resultMap>
	<insert id="addServiceStatistics" useGeneratedKeys="true" keyProperty="statisticsId" parameterType="serviceStatistics">
	<![CDATA[
	insert into SERV_STAT(STAT_ID,max_time,avg_time,min_time,EXEC_CNT,ANALY_ID,SERV_ID,ninty_time,avg_tps)
	 values
	  (#{statisticsId},#{maxTime},#{minTime},#{avgTime},#{count},#{analysisId},#{serviceId},#{nintyTime},#{avgTps})
		]]>
	</insert>
	
	
	<insert id="addServiceStatisticsList" useGeneratedKeys="true"  parameterType="list">
		
		insert into SERV_STAT(STAT_ID,max_time,avg_time,min_time,EXEC_CNT,ANALY_ID,SERV_ID,ninty_time,avg_tps) 
		values
		
		<foreach collection="list" item="item" index="index"  separator=","  >
		 (#{item.statisticsId},#{item.maxTime},#{item.minTime},#{item.avgTime},#{item.count},#{item.analysisId},#{item.serviceId},#{item.nintyTime},#{item.avgTps})
		</foreach>
	</insert>
	
	<select id="getServiceStatisListByAnalysisId" parameterType="int"  resultType="List" resultMap="serviceStatisResultMap">
		<![CDATA[
			select * from SERV_STAT where ANALY_ID = #{analysisId};
		]]>
	</select>
</mapper> 


