<?xml version="1.0" encoding="UTF-8"?>
<!DOCTYPE mapper PUBLIC "-//mybatis.org//DTD Mapper 3.0//EN" "http://mybatis.org/dtd/mybatis-3-mapper.dtd">
<mapper namespace="com.ssc.peg.qtm.loganalysis.mapper.TreeMapper">
	<resultMap type="com.ssc.peg.qtm.loganalysis.db.bean.Tree" id="treeResultMap">
		<id property="treeId" column="tree_id"/>
		<id property="serviceId" column="SERV_ID"/>
		<id property="requestId" column="REQ_ID"/>
		<id property="entityName" column="ENTITY"/>
		<id property="callerId" column="CALL_ID"/>
		<id property="certificateId" column="CERT_ID"/>
		<id property="recordSequenceId" column="RECO_SEQ_ID"/>
		<id property="rootNodeUUID" column="root_node_uuid"/>
		<id property="analysisId" column="ANALY_ID"/>
		<id property="isMerged" column="IS_MERGE"/>
		<id property="isAllStructure" column="MERGE_STRU"/>
		<id property="treeUUID" column="tree_uuid"/>
		<id property="treeStructure" column="TREE_STRU"/>
		<id property="threadName" column="THREAD"/>
		<id property="executionTime" column="EXEC_TIME"/>
		<id property="criteria" column="CRITR"/>
	</resultMap>
	<insert id="addTree" useGeneratedKeys="true" keyProperty="treeId" parameterType="tree">
	<![CDATA[insert into tree(SERV_ID,REQ_ID,ENTITY,CALL_ID,CERT_ID,RECO_SEQ_ID,root_node_uuid,ANALY_ID,IS_MERGE,MERGE_STRU,tree_uuid,TREE_STRU,THREAD,EXEC_TIME,CRITR)
	 values (#{serviceId},#{requestId},#{entityName},#{callerId},#{certificateId},#{recordSequenceId},#{rootNodeUUID},#{analysisId},#{isMerged},#{isAllStructure},#{treeUUID},#{treeStructure},#{threadName},#{executionTime},#{criteria})
		]]>
	</insert>
	
	<select id="getTreeByTreeId" parameterType="integer"  resultType="tree" resultMap="treeResultMap">
		<![CDATA[
			select * from tree where tree_id = #{id};
		]]>
	</select>
	
	<select id="getTreeByAnalysisId" parameterType="integer"  resultType="tree" resultMap="treeResultMap">
		<![CDATA[
			select * from tree where ANALY_ID = #{analysisId};
		]]>
	</select>
	
	<select id="getTreeByTreeUUID" parameterType="String"  resultType="tree" resultMap="treeResultMap">
		<![CDATA[
			select * from tree where tree_uuid = #{treeUUID};
		]]>
	</select>
	
	<select id="getTreeByRequestId" parameterType="String"  resultType="tree" resultMap="treeResultMap">
		<![CDATA[
			select * from tree where REQ_ID = #{requestId};
		]]>
	</select>
	
	<insert id="addTreeList" useGeneratedKeys="true"  parameterType="list">
		insert into tree(SERV_ID,REQ_ID,ENTITY,CALL_ID,CERT_ID,RECO_SEQ_ID,root_node_uuid,ANALY_ID,IS_MERGE,MERGE_STRU,tree_uuid,TREE_STRU,THREAD,EXEC_TIME,CRITR)
	 values 
	 <foreach collection="list" item="item" index="index"  separator=","  > 
	 (#{item.serviceId},#{item.requestId},#{item.entityName},#{item.callerId},#{item.certificateId},#{item.recordSequenceId},#{item.rootNodeUUID},#{item.analysisId},#{item.isMerged},#{item.isAllStructure},#{item.treeUUID},#{item.treeStructure},#{item.threadName},#{item.executionTime},#{item.criteria})
		</foreach>
	</insert>
	
	
	<select id="getMergeTreeForService"   resultType="tree" resultMap="treeResultMap">
		<![CDATA[
			select * from tree where  ANALY_ID = #{analysisId} and SERV_ID = #{serviceId} and IS_MERGE = #{isMerged} and MERGE_STRU = #{isAllStructure} ;
		]]>
	</select>
	
	<select id="getMergeTreeForServiceMerge"   resultType="tree" resultMap="treeResultMap">
		<![CDATA[
			select * from tree where  ANALY_ID = #{analysisId} and SERV_ID = #{serviceId} and IS_MERGE = #{isMerged} and MERGE_STRU = #{isAllStructure} limit 1;
		]]>
	</select>
	
	<select id="getCountOfMergeTreeForService"   resultType="int" >
		<![CDATA[
			select count(*) from tree where  ANALY_ID = #{analysisId} and SERV_ID = #{serviceId} and IS_MERGE = #{isMerged} and MERGE_STRU = #{isAllStructure};
		]]>
	</select>
	
</mapper> 


