<?xml version="1.0" encoding="UTF-8"?>
<!DOCTYPE configuration PUBLIC "-//mybatis.org//DTD Config 3.0//EN" "http://mybatis.org/dtd/mybatis-3-config.dtd">
<configuration>
	<typeAliases>
	    <typeAlias type="com.ssc.peg.qtm.loganalysis.db.bean.Analysis" alias="analysis"></typeAlias>
	    <typeAlias type="com.ssc.peg.qtm.loganalysis.db.bean.Function" alias="function"></typeAlias>
	    <typeAlias type="com.ssc.peg.qtm.loganalysis.db.bean.FunctionStatistics" alias="functionStatistics"></typeAlias>
	    <typeAlias type="com.ssc.peg.qtm.loganalysis.db.bean.FunctionStatisticsTree" alias="functionStatisticsTree"></typeAlias>
	    <typeAlias type="com.ssc.peg.qtm.loganalysis.db.bean.Node" alias="node"></typeAlias>
	    <typeAlias type="com.ssc.peg.qtm.loganalysis.db.bean.MergeNodeValue" alias="mergeNodeValue"></typeAlias>
	    <typeAlias type="com.ssc.peg.qtm.loganalysis.db.bean.NodeValue" alias="nodeValue"></typeAlias>
	    <typeAlias type="com.ssc.peg.qtm.loganalysis.db.bean.Service" alias="service"></typeAlias>
	    <typeAlias type="com.ssc.peg.qtm.loganalysis.db.bean.ServiceFunction" alias="serviceFunction"></typeAlias>
	    <typeAlias type="com.ssc.peg.qtm.loganalysis.db.bean.Point" alias="point"></typeAlias>
	    <typeAlias type="com.ssc.peg.qtm.loganalysis.db.bean.Tree" alias="tree"></typeAlias>
	    <typeAlias type="com.ssc.peg.qtm.loganalysis.db.bean.FuncRatioTopN" alias="funcRatioTopN"></typeAlias>
	    <typeAlias type="com.ssc.peg.qtm.loganalysis.db.bean.FuncTimeTopN" alias="funcTimeTopN"></typeAlias>
	    <typeAlias type="com.ssc.peg.qtm.loganalysis.db.bean.ServiceTopN" alias="serviceTopN"></typeAlias>
	    <typeAlias type="com.ssc.peg.qtm.loganalysis.db.bean.ServiceStatistics" alias="serviceStatistics"></typeAlias>
	</typeAliases>   
<!-- 	<environments default="development">   
       <environment id="development">   
           <transactionManager type="jdbc"/>   
           <dataSource type="POOLED">   
              <property name="driver" value="com.mysql.jdbc.Driver"/>   
              <property name="url" value="jdbc:mysql://localhost/inspection_lee"/>   
              <property name="username" value="root"/>   
              <property name="password" value="123456"/>   
           </dataSource>   
       </environment>   
    </environments>  -->
</configuration>
