<?xml version="1.0" encoding="UTF-8"?>
<beans xmlns="http://www.springframework.org/schema/beans" 
     xmlns:context="http://www.springframework.org/schema/context"
      xmlns:xsi="http://www.w3.org/2001/XMLSchema-instance" 
      xmlns:tx="http://www.springframework.org/schema/tx"
      xmlns:aop="http://www.springframework.org/schema/aop" 
      xsi:schemaLocation="http://www.springframework.org/schema/beans 
     		http://www.springframework.org/schema/beans/spring-beans-3.0.xsd
     		http://www.springframework.org/schema/context 
     		http://www.springframework.org/schema/context/spring-context-3.0.xsd
     	 	http://www.springframework.org/schema/tx
           	http://www.springframework.org/schema/tx/spring-tx-3.0.xsd
          	http://www.springframework.org/schema/aop
          	http://www.springframework.org/schema/aop/spring-aop-3.0.xsd">
    
    <!-- scanner annotation -->
    <!--  <context:component-scan base-package="com.ssc.peg.qtm.loganalysis" >
	 <context:include-filter type="annotation" expression="org.springframework.stereotype.Service" />
	 <context:include-filter type="annotation" expression="org.springframework.stereotype.Controller" />
	 </context:component-scan>  -->
	
	<!-- 
	<bean class="org.springframework.web.servlet.view.InternalResourceViewResolver"></bean>
    <bean id="handlerMapping" class="org.springframework.web.servlet.mvc.annotation.DefaultAnnotationHandlerMapping"></bean>
	<bean id="handlerAdapter" class="org.springframework.web.servlet.mvc.annotation.AnnotationMethodHandlerAdapter"></bean>
	 -->
	 
	 <context:component-scan base-package="com.ssc.peg.qtm.loganalysis" >
	 <context:include-filter type="annotation" expression="org.springframework.stereotype.Service" />
	 <context:include-filter type="annotation" expression="org.springframework.stereotype.Controller" />
	 </context:component-scan> 
	<bean class="org.springframework.web.servlet.view.InternalResourceViewResolver">
	</bean>
  
	
	<bean id="propertyConfigurer"  
          class="org.springframework.beans.factory.config.PropertyPlaceholderConfigurer">  
        <property name="ignoreUnresolvablePlaceholders" value="true" />
        <property name="location" value="classpath:mysql.properties"/>  
    </bean> 
    
    <bean id="dataSource"  class="com.mchange.v2.c3p0.ComboPooledDataSource"  destroy-method="close" >
		<property name="driverClass" value="${mysql.driver}"/>
		<property name="jdbcUrl" value="${mysql.url}"/>
		<property name="user" value="${mysql.user}"/>
		<property name="password" value="${mysql.password}"/>
		<property name="maxPoolSize" value="50"/>
		<property name="acquireIncrement" value="20"/>
	</bean>
	
    <!-- sqlSessionFactory configuration -->
    <bean id="sqlSessionFactory" class="org.mybatis.spring.SqlSessionFactoryBean">
		<property name="dataSource" ref="dataSource"/>
		<property name="configLocation" value="classpath:mybatis-spring.xml"/>
		<property name="mapperLocations">
			<list>
				<value>classpath:com/ssc/peg/qtm/loganalysis/mapper/xml/*-mapper.xml</value>
			</list>
		</property>
	</bean>
	
	 <!-- mapper interface scanner configure -->
	<bean class="org.mybatis.spring.mapper.MapperScannerConfigurer">
		<property name="basePackage" value="com.ssc.peg.qtm.loganalysis.mapper"/>
		<property name="markerInterface" value="com.ssc.peg.qtm.loganalysis.mapper.SqlMapper"/>
	</bean>
	
	<!-- tranaction manager configure  -->
	<bean id="transactionManager" class="org.springframework.jdbc.datasource.DataSourceTransactionManager">
		<property name="dataSource" ref="dataSource" />
	</bean>
	<tx:annotation-driven transaction-manager="transactionManager"></tx:annotation-driven>
	 <!-- file upload start-->
	<bean id="multipartResolver"
           class="org.springframework.web.multipart.commons.CommonsMultipartResolver">
        <property name="defaultEncoding" value="UTF-8"/>
         	<!-- one of the properties available; the maximum file size in bytes -->
        <property name="maxUploadSize" value="1000000000"/>
        <property name="uploadTempDir" value="upload/temp"/>
    </bean>
	<!-- file upload end--> 
</beans>